Book Id,Title,Author,Author l-f,Additional Authors,ISBN,ISBN13,My Rating,Average Rating,Publisher,Binding,Number of Pages,Year Published,Original Publication Year,Date Read,Date Added,Bookshelves,Bookshelves with positions,Exclusive Shelf,My Review,Spoiler,Private Notes,Read Count,Owned Copies
58950674,"Eyes of the Void (The Final Architecture, #2)",Adrian Tchaikovsky,"Tchaikovsky, Adrian",,"=""1668604906""","=""9781668604908""",0,4.22,Orbit,Audiobook,,2022,2022,,2023/07/18,,,read,,,,1,0
61398009,Just Like Being There: A Collection of Science Fiction Short Stories (Science and Fiction),Eric Choi,"Choi, Eric",,"=""3030916049""","=""9783030916046""",0,4.80,Springer,Paperback,313,2022,,,2023/07/18,sci-fi,sci-fi (#20),read,,,,1,0
128763238,At the Mountains of Madness and Other Tales of Horror,H.P. Lovecraft,"Lovecraft, H.P.",,"=""""","=""""",0,4.26,Beagle Books,Mass Market Paperback,,1971,1981,,2023/07/18,,,read,,,,1,0
160149,The Call of Cthulhu and Other Weird Stories,H.P. Lovecraft,"Lovecraft, H.P.",S.T. Joshi,"=""0141182342""","=""9780141182346""",0,4.17,Penguin Classics,Paperback,420,1999,1926,,2023/07/18,,,read,,,,1,0
62873999,Translation State (Imperial Radch),Ann Leckie,"Leckie, Ann",,"=""031628971X""","=""9780316289719""",0,4.31,Orbit,Hardcover,422,2023,2023,,2023/07/18,sci-fi,sci-fi (#19),read,,,,1,0
827,"The Diamond Age: Or, a Young Lady's Illustrated Primer",Neal Stephenson,"Stephenson, Neal",,"=""0553380966""","=""9780553380965""",0,4.16,Spectra,Paperback,499,2000,1995,,2023/07/18,"sci-fi, cyberpunk, dystopia","sci-fi (#18), cyberpunk (#1), dystopia (#1)",read,,,,1,0
58700918,Terry Pratchett: A Life With Footnotes: The Official Biography,Rob  Wilkins,"Wilkins, Rob",,"=""0857526634""","=""9780857526632""",0,4.71,Doubleday,Hardcover,435,2022,2022,,2023/07/18,"nonfiction, biography","nonfiction (#1), biography (#1)",read,,,,1,0
60321430,Tread of Angels,Rebecca Roanhorse,"Roanhorse, Rebecca",,"=""1982166185""","=""9781982166182""",0,3.49,Saga Press,Hardcover,201,2022,2022,,2023/07/18,,,read,,,,1,0
57693308,Spear,Nicola Griffith,"Griffith, Nicola",,"=""1250819326""","=""9781250819321""",0,4.10,Tordotcom,Hardcover,184,2022,2022,,2023/07/18,"temporal-historical-fiction, fantasy, sword-and-sorcery-fantasy","temporal-historical-fiction (#1), fantasy (#1), sword-and-sorcery-fantasy (#2)",read,,,,1,0
56179377,Nettle & Bone,T. Kingfisher,"Kingfisher, T.",,"=""1250244048""","=""9781250244048""",0,4.18,Tor Books,Hardcover,245,2022,2022,,2023/07/18,english-language-learning-track-1-5,english-language-learning-track-1-5 (#14),read,,,,1,0
59808603,The Mountain in the Sea,Ray Nayler,"Nayler, Ray",,"=""0374605955""","=""9780374605957""",0,4.02,MCD,Hardcover,456,2022,2022,,2023/07/18,sci-fi,sci-fi (#17),read,,,,1,0
25895521,Illuminations,T. Kingfisher,"Kingfisher, T.",,"=""""","=""9781614505778""",0,4.16,Red Wombat Studio,ebook,270,2022,2022,,2023/05/06,"to-read, bsfa-2023-young-reader","to-read (#33), bsfa-2023-young-reader (#5)",to-read,,,,0,0
60310739,Unraveller,Frances Hardinge,"Hardinge, Frances",,"=""1419759310""","=""9781419759314""",0,4.17,Harry N. Abrams,Hardcover,432,2023,2023,,2023/05/06,"to-read, bsfa-2023-young-reader","to-read (#32), bsfa-2023-young-reader (#4)",to-read,,,,0,0
58795554,Mindwalker,Kate Dylan,"Dylan, Kate",,"=""""","=""978152939268""",0,4.12,Hodder Books,,315,2022,2022,,2023/05/06,"to-read, bsfa-2023-young-reader","to-read (#31), bsfa-2023-young-reader (#3)",to-read,,,,0,0
59088433,"Her Majesty's Royal Coven (Her Majesty's Royal Coven, #1)",Juno Dawson,"Dawson, Juno",,"=""014313714X""","=""9780143137146""",0,3.88,Penguin Books,Paperback,448,2022,2022,,2023/05/06,"to-read, bsfa-2023-young-reader","to-read (#30), bsfa-2023-young-reader (#2)",to-read,,,,0,0
55923578,"Violet Made of Thorns (Violet Made of Thorns, #1)",Gina Chen,"Chen, Gina",,"=""""","=""""",0,3.61,Delacorte Press,Kindle Edition,364,2022,2022,,2023/05/06,"to-read, bsfa-2023-young-reader","to-read (#29), bsfa-2023-young-reader (#1)",to-read,,,,0,0
40887359,The Shape of a Life: One Mathematician's Search for the Universe's Hidden Geometry,Shing-Tung Yau,"Yau, Shing-Tung",Steve Nadis,"=""0300235909""","=""9780300235906""",0,3.80,Yale University Press,Hardcover,328,2019,,,2023/04/26,,,read,,,,1,0
51733546,Into the Dark (Star Wars: The High Republic),Claudia Gray,"Gray, Claudia",,"=""1368057284""","=""9781368057288""",0,4.02,Disney Lucasfilm Press,Hardcover,425,2021,2021,,2023/04/26,,,read,,,,1,0
61606704,"The Power of Language: How the Codes We Use to Think, Speak, and Live Transform Our Minds",Viorica Marian,"Marian, Viorica",,"=""0593187075""","=""9780593187074""",0,4.25,Dutton,Hardcover,288,2023,,,2023/04/26,,,read,,,,1,0
42036538,"Gideon the Ninth (The Locked Tomb, #1)",Tamsyn Muir,"Muir, Tamsyn",,"=""1250313198""","=""9781250313195""",0,4.22,Tor,Hardcover,448,2019,2019,,2023/04/26,,,read,,,,1,0
34051373,"Shadowhouse Fall (Shadowshaper Cypher, #2)",Daniel José Older,"Older, Daniel José",,"=""0545952824""","=""9780545952828""",0,4.20,Arthur A. Levine Books,Hardcover,368,2017,2017,,2020/12/31,"young-adult, english-language-learning-track-1-5","young-adult (#47), english-language-learning-track-1-5 (#13)",read,,,,1,0
233674,"The Science of Discworld (The Science of Discworld, #1)",Terry Pratchett,"Pratchett, Terry","Ian Stewart, Jack Cohen","=""0091886570""","=""9780091886578""",0,3.96,Ebury Press,Paperback,416,2002,1999,,2023/04/26,,,read,,,,1,0
60147395,City of Last Chances,Adrian Tchaikovsky,"Tchaikovsky, Adrian",,"=""1801108420""","=""9781801108423""",0,4.02,Head of Zeus,Hardcover,512,2022,2022,,2023/04/26,,,read,,,,1,0
123253602,Bishop's Opening,R.S.A. Garcia,"Garcia, R.S.A.",,"=""""","=""""",0,3.19,Clarkesworld Magazine ,,,2022,2022,,2023/04/26,,,read,,,,1,0
61130972,I Never Liked You Anyway,Jordan Kurella,"Kurella, Jordan",,"=""195228323X""","=""9781952283239""",0,3.65,Vernacular Books,Paperback,172,2022,2022,,2023/04/26,,,read,,,,1,0
58724605,High Times in the Low Parliament,Kelly Robson,"Robson, Kelly",,"=""1250823021""","=""9781250823021""",0,3.25,Tor.com,Paperback,160,2022,2022,,2023/04/26,,,read,,,,1,0
59807975,Even Though I Knew the End,C.L. Polk,"Polk, C.L.",,"=""1250849454""","=""9781250849458""",0,3.92,Tordotcom,Hardcover,136,2022,2022,,2023/04/26,,,read,,,,1,0
58438207,"Ogres (Terrible Worlds: Revolutions, #3)",Adrian Tchaikovsky,"Tchaikovsky, Adrian",,"=""1786185288""","=""9781786185280""",0,4.26,Solaris,Hardcover,159,2022,2022,,2023/04/26,,,read,,,,1,0
31817749,"The Stone Sky (The Broken Earth, #3)",N.K. Jemisin,"Jemisin, N.K.",,"=""""","=""""",0,4.35,Orbit,Paperback,416,2017,2017,,2020/12/31,"2021, sci-fi","2021 (#2), sci-fi (#16)",read,,,,1,0
52694527,"The Shadow of the Gods (The Bloodsworn Saga, #1)",John Gwynne,"Gwynne, John",,"=""0356514188""","=""9780356514185""",0,4.26,Orbit,Hardcover,480,2021,2021,,2023/04/26,sword-and-sorcery-fantasy,sword-and-sorcery-fantasy (#1),read,,,,1,0
56755560,The Cat Who Saved Books,Sōsuke Natsukawa,"Natsukawa, Sōsuke",Louise Heal Kawai,"=""0063095726""","=""9780063095724""",0,3.72,HarperVia,Hardcover,198,2021,2017,,2023/02/28,,,read,,,,1,0
42769202,"Starsight (Skyward, #2)",Brandon Sanderson,"Sanderson, Brandon",,"=""1473217903""","=""9781473217904""",0,4.38,Orion Publishing Co,Paperback,461,2019,2019,,2023/02/28,,,read,,,,1,0
51637946,Light of the Jedi (Star Wars: The High Republic),Charles Soule,"Soule, Charles",,"=""0593157710""","=""9780593157718""",0,3.92,Del Rey,Hardcover,380,2021,2021,,2023/02/28,,,read,,,,1,0
57945316,Babel: An Arcane History,R.F. Kuang,"Kuang, R.F.",,"=""0063021420""","=""9780063021426""",0,4.25,Harper Voyager,Hardcover,544,2022,2022,,2023/02/28,,,read,,,,1,0
22295304,"Shadowshaper (Shadowshaper Cypher, #1)",Daniel José Older,"Older, Daniel José",,"=""0545591619""","=""9780545591614""",0,3.76,Arthur A. Levine Books,Hardcover,297,2015,2015,,2020/12/31,young-adult,young-adult (#46),read,,,,1,0
58064046,Gallant,V.E. Schwab,"Schwab, V.E.",Manuel Sumberac,"=""0062835777""","=""9780062835772""",0,3.74,Greenwillow Books,Hardcover,338,2022,2022,,2023/02/28,young-adult,young-adult (#75),read,,,,1,0
36295579,Star Wars: The Legends of Luke Skywalker,Ken Liu,"Liu, Ken",J.G. Jones,"=""""","=""""",0,3.44,Disney Lucasfilm Press,Kindle Edition,433,2017,2017,,2023/02/28,children-books,children-books (#7),read,,,,1,0
45046576,Or What You Will,Jo Walton,"Walton, Jo",,"=""1250308992""","=""9781250308993""",0,3.79,Tor Books,Hardcover,320,2020,2020,,2023/02/28,,,read,,,,1,0
50155421,Twilight of Democracy: The Seductive Lure of Authoritarianism,Anne Applebaum,"Applebaum, Anne",,"=""0771005857""","=""9780771005855""",0,3.92,Signal Books,Hardcover,224,2020,2020,,2023/02/28,,,read,,,,1,0
60784304,The Keeper's Six,Kate Elliott,"Elliott, Kate",,"=""1250769078""","=""9781250769077""",0,3.69,Tordotcom,Hardcover,197,2023,2023,,2023/02/28,,,read,,,,1,0
58245601,"Clarkesworld Magazine, Issue 177, June 2021",Neil Clarke,"Clarke, Neil","Nancy Kress, Robert Reed, Suzanne Palmer, Jiang Bo, Andy Dudak, Yukimi Ogawa, K.W. Colyard, Cristina Jurado, Sue Burke, Carrie Sessarego, Arley Sorg","=""""","=""""",0,4.13,Wyrm Publishing,ebook,199,2021,2021,,2022/12/08,,,read,,,,1,0
36165705,"Clarkesworld Magazine, Issue 132, September 2017",Neil Clarke,"Clarke, Neil","A. Brym, Stephanie M. Bucklin, Chris Urie, Kelly Robson, Eric Schwitzgebel, Suzanne Palmer, Jess Barber, Sara Saab, Gu Shi, S. Qiouyi Lu, Tom Purdom, Geoff Ryman","=""""","=""""",0,4.17,Wyrm Publishing,ebook,142,2017,2017,,2022/12/08,,,read,,,,1,0
12392681,Railsea,China Miéville,"Miéville, China",,"=""0345524527""","=""9780345524522""",5,3.89,Del Rey,Hardcover,424,2012,2012,,2019/11/21,"young-adult, english-language-learning-track","young-adult (#21), english-language-learning-track (#21)",read,,,,1,0
2845024,Anathem,Neal Stephenson,"Stephenson, Neal",,"=""0061474096""","=""9780061474095""",0,4.17,William Morrow,Hardcover,937,2008,2008,,2020/12/02,"young-adult, english-language-learning-track","young-adult (#20), english-language-learning-track (#20)",read,,,,1,0
53205853,"Chaos on CatNet (CatNet, #2)",Naomi Kritzer,"Kritzer, Naomi",,"=""1250165229""","=""9781250165220""",0,4.14,Tor Teen,Hardcover,304,2021,2021,,2022/09/28,"young-adult, english-language-learning-track-1-5","young-adult (#64), english-language-learning-track-1-5 (#12)",read,,,,1,0
41556068,"Catfishing on CatNet (CatNet, #1)",Naomi Kritzer,"Kritzer, Naomi",,"=""1250165075""","=""9781250165077""",0,4.05,Tor Teen,ebook,288,2019,2019,,2022/09/28,"young-adult, english-language-learning-track","young-adult (#63), english-language-learning-track (#19)",read,,,,1,0
40864030,"A Prayer for the Crown-Shy (Monk & Robot, #2)",Becky  Chambers,"Chambers, Becky",,"=""""","=""""",0,4.44,Tordotcom,Kindle Edition,152,2022,2022,,2022/09/28,english-language-learning-track-1-5,english-language-learning-track-1-5 (#11),read,,,,1,0
40864002,"A Psalm for the Wild-Built (Monk & Robot, #1)",Becky  Chambers,"Chambers, Becky",,"=""""","=""""",5,4.29,Tordotcom,Kindle Edition,160,2021,2021,,2022/05/16,english-language-learning-track,english-language-learning-track (#18),read,,,,1,0
6693,Fantastic Mr. Fox,Roald Dahl,"Dahl, Roald",Quentin Blake,"=""0375822070""","=""9780375822070""",5,4.07,Knopf Books for Young Readers,Hardcover,96,2002,1970,2022/01/24,2022/02/07,"children-books, english-language-learning-track","children-books (#6), english-language-learning-track (#17)",read,,,,1,0
56036276,A Snake Falls to Earth,Darcie Little Badger,"Badger, Darcie Little",,"=""""","=""""",4,3.97,Levine Querido,Kindle Edition,377,2021,2021,,2022/05/16,"children-books, english-language-learning-track-1-5","children-books (#5), english-language-learning-track-1-5 (#10)",read,,,,1,0
52854406,"Fangirl, Vol. 1: The Manga",Sam Maggs,"Maggs, Sam","Rainbow Rowell, Gabi Nam","=""1974715876""","=""9781974715879""",0,4.22,VIZ Media LLC,Paperback,216,2020,2020,,2023/01/20,,,read,,,,1,0
6327,The Witches,Roald Dahl,"Dahl, Roald",Quentin Blake,"=""0590032496""","=""9780590032490""",0,4.17,Scholastic Inc.,Paperback,208,1997,1983,,2023/01/20,"english-language-learning-track, children-books","english-language-learning-track (#16), children-books (#4)",read,,,,1,0
59838811,Upgrade,Blake Crouch,"Crouch, Blake",,"=""0593157532""","=""9780593157534""",0,3.82,Ballantine Books,Hardcover,352,2022,2022,,2023/01/20,,,read,,,,1,0
44521,Kiss Kiss,Roald Dahl,"Dahl, Roald",,"=""0140018328""","=""9780140018325""",0,4.08,Penguin Books,Paperback,231,1987,1959,,2023/01/20,,,read,,,,1,0
13058009,To Be A Cat,Matt Haig,"Haig, Matt",,"=""0370332067""","=""9780370332062""",0,4.04,Bodley Head,Hardcover,320,2012,2012,,2023/01/20,,,read,,,,1,0
58446227,Sea of Tranquility,Emily St. John Mandel,"Mandel, Emily St. John",,"=""0593321448""","=""9780593321447""",0,4.11,Knopf,Hardcover,259,2022,2022,,2023/01/20,,,read,,,,1,0
18712643,Whispers from the Abyss,Kat Rocha,"Rocha, Kat","Greg Stolze, Alasdair Stuart, J.C. Hemphill, Jonathan Sharp, Mason Ian Bundschuh, Martin Hill Ortiz, Charles Black, Tim Pratt, Greg Van Eekhout, Tim Jeffreys, Nathan Wunner, Corissa Baker, Jason Andrew, David Tallerman, A.C. Wise, Stephen Brown, John R. Fultz, Brandon Barrows, W.B. Stickel, Kelda Crich, Nick Mamatas, Silvia Moreno-Garcia, James Brogden, Lance Axt, Aaron J. French, Lee Finney, Chad Fifer, Nicholas Almand, Dennis Detwiller, Jeff Provine, Sarena Ulibarri, Erica L. Satifka, Josh Finney","=""""","=""B00FU0M3ZU""",0,3.67,01 Publishing,Kindle Edition,282,2013,2013,,2022/03/24,,,read,,,,1,0
54829360,The Daughter of Doctor Moreau,Silvia Moreno-Garcia,"Moreno-Garcia, Silvia",,"=""0593355334""","=""9780593355336""",0,3.60,Del Rey,Hardcover,306,2022,2022,,2023/01/20,,,read,,,,1,0
24044142,Three Moments of an Explosion,China Miéville,"Miéville, China",,"=""110188472X""","=""9781101884720""",0,3.64,Del Rey,Hardcover,382,2015,2009,,2023/01/20,,,read,,,,1,0
13119649,A Little Gold Book of Ghastly Stuff,Neil Gaiman,"Gaiman, Neil",,"=""""","=""""",0,3.59,Borderland Press,Hardcover,158,2011,2011,,2023/01/20,,,read,,,,1,0
6334,Never Let Me Go,Kazuo Ishiguro,"Ishiguro, Kazuo",,"=""""","=""""",0,3.84,Vintage Books ,Paperback,288,2010,2005,,2023/01/20,,,read,,,,1,0
17290261,The Abominables,Eva Ibbotson,"Ibbotson, Eva",Fiona  Robinson,"=""1419707892""","=""9781419707896""",0,3.77,Harry N. Abrams,Hardcover,272,2013,2012,,2023/01/20,children-books,children-books (#3),read,,,,1,0
623976,"Alcatraz Versus the Evil Librarians (Alcatraz, #1)",Brandon Sanderson,"Sanderson, Brandon",,"=""0439925509""","=""9780439925501""",0,3.91,Scholastic Press,Hardcover,308,2007,2007,,2023/01/20,"children-books, english-language-learning-track-1-5","children-books (#2), english-language-learning-track-1-5 (#9)",read,,,,1,0
53205854,"Fugitive Telemetry (The Murderbot Diaries, #6)",Martha Wells,"Wells, Martha",,"=""1250765374""","=""9781250765376""",0,4.32,Tor.com,Hardcover,168,2021,2021,,2023/01/20,,,read,,,,1,0
31450908,"Down Among the Sticks and Bones (Wayward Children, #2)",Seanan McGuire,"McGuire, Seanan",,"=""0765392038""","=""9780765392039""",0,4.15,Tordotcom,Hardcover,187,2017,2017,,2023/01/20,,,read,,,,1,0
42147,Voice of Our Shadow,Jonathan Carroll,"Carroll, Jonathan",,"=""0575073675""","=""9780575073678""",0,3.77,Gollancz,Paperback,189,2002,1983,,2023/01/20,,,read,,,,1,0
57693406,The Kaiju Preservation Society,John Scalzi,"Scalzi, John",,"=""0765389126""","=""9780765389121""",0,4.02,Tor Books,Hardcover,264,2022,2022,,2023/01/20,,,read,,,,1,0
40651883,Snow Crash,Neal Stephenson,"Stephenson, Neal",,"=""""","=""""",4,4.02,Spectra,Kindle Edition,559,2018,1992,,2019/11/21,in-far-long-future,in-far-long-future (#3),read,,,,1,0
45455952,"30-Second AI & Robotics: 50 key notions, fields, and events in the rise of intelligent machines, each explained in half a minute",Luis de Miranda,"Miranda, Luis de",,"=""178240547X""","=""9781782405474""",0,3.41,Ivy Press,Hardcover,160,2019,2019,2023/01/20,2022/02/07,,,read,,,,1,0
56179333,Even Greater Mistakes: Stories,Charlie Jane Anders,"Anders, Charlie Jane",,"=""1250766508""","=""9781250766502""",0,3.85,Tor Books,Hardcover,352,2021,2021,2023/01/20,2022/07/26,,,read,,,,1,0
60177373,Fairy Tale,Stephen King,"King, Stephen",,"=""1668002175""","=""9781668002179""",0,4.15,Scribner,Hardcover,608,2022,2022,,2023/01/20,,,read,,,,1,0
61242426,"Legends & Lattes (Legends & Lattes, #1)",Travis  Baldree,"Baldree, Travis",,"=""""","=""""",5,4.24,Tor,Kindle Edition,296,2022,2022,,2022/12/08,"english-language-learning-track-1-5, young-adult","english-language-learning-track-1-5 (#8), young-adult (#74)",read,,,,1,0
35068705,"The Poppy War (The Poppy War, #1)",R.F. Kuang,"Kuang, R.F.",,"=""0062662597""","=""9780062662590""",4,4.17,Harper Voyager,ebook,545,2018,2018,,2022/12/08,sci-fi,sci-fi (#15),read,,,,2,0
58210340,"Only a Monster (Monsters, #1)",Vanessa Len,"Len, Vanessa",,"=""""","=""""",0,3.89,HarperTeen,Hardcover,416,2022,2022,,2022/12/08,bsfa-2023-young-reader,bsfa-2023-young-reader (#6),read,,,,1,0
57850265,How High We Go in the Dark,Sequoia Nagamatsu,"Nagamatsu, Sequoia",,"=""0063072645""","=""9780063072640""",0,3.85,William Morrow,Hardcover,304,2022,2022,,2022/12/08,sci-fi,sci-fi (#14),read,,,,1,0
60420448,When the Angels Left the Old Country,Sacha Lamb,"Lamb, Sacha",,"=""1646141768""","=""9781646141760""",4,4.32,Levine Querido,Hardcover,408,2022,2022,,2022/12/08,young-adult,young-adult (#73),read,,,,1,0
60399181,"The World We Make (Great Cities, #2)",N.K. Jemisin,"Jemisin, N.K.",,"=""035651269X""","=""9780356512693""",4,4.14,Orbit,Hardcover,357,2022,2022,,2022/12/08,"sci-fi, young-adult","sci-fi (#13), young-adult (#72)",read,,,,1,0
13055592,Redshirts,John Scalzi,"Scalzi, John",,"=""0765316994""","=""9780765316998""",5,3.86,Tor Books,Hardcover,320,2012,2012,,2019/11/21,"sci-fi, young-adult","sci-fi (#12), young-adult (#71)",read,,,,1,0
122104,"Pay the Piper (A Rock 'n' Roll Fairy Tale, #1)",Jane Yolen,"Yolen, Jane",Adam Stemple,"=""0765350416""","=""9780765350411""",0,3.35,Starscape,Paperback,192,2006,2005,,2020/12/31,"young-adult, english-language-learning-track-1-5","young-adult (#35), english-language-learning-track-1-5 (#7)",read,,,,1,0
59807976,"Into the Riverlands (The Singing Hills Cycle, #3)",Nghi Vo,"Vo, Nghi",,"=""1250851424""","=""9781250851420""",0,4.08,Tordotcom,Hardcover,100,2022,2022,,2022/12/08,,,read,,,,1,0
53265678,"When the Tiger Came Down the Mountain (The Singing Hills Cycle, #2)",Nghi Vo,"Vo, Nghi",,"=""1250786169""","=""9781250786166""",0,4.20,Tor.com,ebook,128,2020,2020,,2022/12/08,,,read,,,,1,0
51190882,"The Empress of Salt and Fortune (The Singing Hills Cycle, #1)",Nghi Vo,"Vo, Nghi",,"=""""","=""""",0,3.98,Tor.com,Kindle Edition,119,2020,2020,,2022/12/08,,,read,,,,1,0
56978100,The Girl Who Fell Beneath the Sea,Axie Oh,"Oh, Axie",Kuri Huang,"=""1250780861""","=""9781250780867""",5,4.14,Feiwel & Friends,Hardcover,325,2022,2022,,2022/12/08,"english-language-learning-track, young-adult","english-language-learning-track (#15), young-adult (#70)",read,,,,1,0
36642458,"Skyward (Skyward, #1)",Brandon Sanderson,"Sanderson, Brandon",,"=""1473217857""","=""9781473217850""",0,4.49,Gollancz,Hardcover,513,2018,2018,,2022/12/08,,,read,,,,1,0
50892360,"Black Sun (Between Earth and Sky, #1)",Rebecca Roanhorse,"Roanhorse, Rebecca",,"=""1534437673""","=""9781534437678""",0,4.21,Saga Press,Hardcover,454,2020,2020,,2022/12/08,young-adult,young-adult (#69),read,,,,1,0
55858638,"The Golden Enclaves (The Scholomance, #3)",Naomi Novik,"Novik, Naomi",,"=""0593158369""","=""9780593158364""",0,4.17,Del Rey Books ,ebook,407,2022,2022,,2022/12/08,young-adult,young-adult (#68),read,,,,1,0
41070150,Riverland,Fran Wilde,"Wilde, Fran",,"=""1419733729""","=""9781419733727""",0,3.83,Amulet Books,Hardcover,342,2019,2019,,2022/12/08,"english-language-learning-track-1-5, children-books","english-language-learning-track-1-5 (#6), children-books (#1)",read,,,,1,0
55559887,"The Last Graduate (The Scholomance, #2)",Naomi Novik,"Novik, Naomi",,"=""0593128869""","=""9780593128862""",0,4.29,Del Rey,Hardcover,388,2021,2021,,2022/12/08,young-adult,young-adult (#67),read,,,,1,0
52381770,"Network Effect (The Murderbot Diaries, #5)",Martha Wells,"Wells, Martha",,"=""1250229863""","=""9781250229861""",0,4.48,Tor.com,Hardcover,350,2020,2020,,2022/12/08,sci-fi,sci-fi (#11),read,,,,1,0
53205810,"Victories Greater Than Death (Unstoppable, #1)",Charlie Jane Anders,"Anders, Charlie Jane",,"=""1250317312""","=""9781250317315""",0,3.51,Tor Teen,Hardcover,288,2021,2021,,2022/09/28,,,read,,,,1,0
77773,"To Say Nothing of the Dog (Oxford Time Travel, #2)",Connie Willis,"Willis, Connie",,"=""0553575384""","=""9780553575385""",0,4.11,Bantam Books,Mass Market Paperback,512,1998,1997,,2020/12/31,2021,2021 (#10),read,,,,1,0
50158128,"Raybearer (Raybearer, #1)",Jordan Ifueko,"Ifueko, Jordan",,"=""1419739824""","=""9781419739828""",0,4.36,Amulet Books,Hardcover,368,2020,2020,,2020/12/31,young-adult,young-adult (#29),read,,,,1,0
55624056,"Redemptor (Raybearer, #2)",Jordan Ifueko,"Ifueko, Jordan",,"=""""","=""""",0,4.26,Amulet Books,Kindle Edition,336,2021,2021,,2022/09/28,young-adult,young-adult (#66),read,,,,1,0
32802595,"Record of a Spaceborn Few (Wayfarers, #3)",Becky  Chambers,"Chambers, Becky",,"=""1473647606""","=""9781473647602""",0,4.11,Hodder & Stoughton,Hardcover,359,2018,2018,,2022/09/28,,,read,,,,1,0
44081573,"Finna (LitenVerse, #1)",Nino Cipri,"Cipri, Nino",,"=""""","=""""",0,3.71,Tor.com,Kindle Edition,92,2020,2020,,2022/09/28,,,read,,,,1,0
53261640,"Defekt (LitenVerse, #2)",Nino Cipri,"Cipri, Nino",,"=""""","=""""",0,4.13,Tor.com,Kindle Edition,170,2021,2021,,2022/09/28,young-adult,young-adult (#65),read,,,,1,0
48727813,"She Who Became the Sun (The Radiant Emperor, #1)",Shelley Parker-Chan,"Parker-Chan, Shelley",,"=""""","=""""",0,3.89,Tor Books,Kindle Edition,416,2021,2021,,2022/09/20,,,read,,,,1,0
50209317,"The Galaxy, and the Ground Within (Wayfarers, #4)",Becky  Chambers,"Chambers, Becky",,"=""0062936050""","=""9780062936059""",0,4.42,Harper Voyager,ebook,336,2021,2021,,2022/09/20,sci-fi,sci-fi (#10),read,,,,1,0
56179360,Light from Uncommon Stars,Ryka Aoki,"Aoki, Ryka",,"=""1250789060""","=""9781250789068""",0,4.09,Tor Books,Hardcover,372,2021,2021,,2022/09/20,,,read,,,,1,0
54493401,Project Hail Mary,Andy Weir,"Weir, Andy",,"=""0593135202""","=""9780593135204""",0,4.52,Ballantine Books,Hardcover,476,2021,2021,,2022/09/20,sci-fi,sci-fi (#9),read,,,,1,0
59485637,The Secret Garden,Maud Begon,"Begon, Maud",,"=""""","=""9791032812587""",0,4.17,Europe Comics,Paperback,96,2021,,2021/12/30,2022/01/01,,,read,,,,1,0
7163862,Zoo City,Lauren Beukes,"Beukes, Lauren",,"=""0007327684""","=""9780007327683""",0,3.63,Angry Robot,Paperback,416,2010,2010,,2022/04/28,,,read,,,,1,0
29475447,"A Closed and Common Orbit (Wayfarers, #2)",Becky  Chambers,"Chambers, Becky",,"=""1473621445""","=""9781473621442""",0,4.36,Hodder & Stoughton,Hardcover,365,2016,2016,,2022/07/05,,,read,,,,2,0
22733729,"The Long Way to a Small, Angry Planet (Wayfarers, #1)",Becky  Chambers,"Chambers, Becky",,"=""1500453307""","=""9781500453305""",0,4.18,CreateSpace Independent Publishing Platform ,Paperback,518,2014,2014,,2022/07/05,,,read,,,,1,0
61172532,Where Oaken Hearts Do Gather,Sarah Pinsker,"Pinsker, Sarah",,"=""""","=""""",5,4.26,Uncanny Magazine,Magazine,15,2021,,,2022/07/05,"2021_ya, young-adult","2021_ya (#18), young-adult (#62)",read,,,,1,0
53175322,Root Magic,Eden Royce,"Royce, Eden",,"=""0062899570""","=""9780062899576""",0,4.20,Walden Pond Press,Hardcover,352,2021,2021,,2022/07/05,"2021_ya, young-adult","2021_ya (#17), young-adult (#61)",read,,,,1,0
59365584,Zachary Ying and the Dragon Emperor (Zachary Ying #1),Xiran Jay Zhao,"Zhao, Xiran Jay",,"=""1665900709""","=""9781665900706""",0,4.13,Margaret K. McElderry Books,Hardcover,340,2022,2022,,2022/07/05,"2021_ya, young-adult, english-language-learning-track-1-5, bsfa-2023-young-reader","2021_ya (#16), young-adult (#60), english-language-learning-track-1-5 (#5), bsfa-2023-young-reader (#7)",read,,,,1,0
54304067,Machinehood,S.B. Divya,"Divya, S.B.",,"=""1982148063""","=""9781982148065""",0,3.65,Gallery / Saga Press,Hardcover,404,2021,2021,,2022/07/05,,,read,,,,1,0
58130437,And What Can We Offer You Tonight,Premee Mohamed,"Mohamed, Premee",,"=""1952086256""","=""9781952086250""",0,3.70,Neon Hemlock,Paperback,80,2021,2021,,2022/07/05,,,read,,,,2,0
29635542,"A Dead Djinn in Cairo (Dead Djinn Universe, #0.1)",P. Djèlí Clark,"Clark, P. Djèlí",,"=""0765389444""","=""9780765389442""",0,4.02,Tor Books,ebook,43,2016,2016,,2022/07/05,,,read,,,,1,0
36546128,"The Haunting of Tram Car 015 (Dead Djinn Universe, #0.3)",P. Djèlí Clark,"Clark, P. Djèlí",,"=""1250294800""","=""9781250294807""",0,4.00,Tor.com,Paperback,130,2019,2019,,2022/07/05,,,read,,,,1,0
52504334,"A Master of Djinn (Dead Djinn Universe, #1)",P. Djèlí Clark,"Clark, P. Djèlí",,"=""""","=""""",0,4.06,Tordotcom,Kindle Edition,438,2021,2021,,2022/07/05,,,read,,,,1,0
53273689,"Thornwood (Sisters Ever After, #1)",Leah Cypess,"Cypess, Leah",,"=""0593178831""","=""9780593178836""",5,3.82,Delacorte Press,Hardcover,272,2021,2021,,2022/05/16,,,read,,,,1,0
45154547,"A Desolation Called Peace (Teixcalaan, #2)",Arkady Martine,"Martine, Arkady",,"=""""","=""""",0,4.34,Tor Books,Kindle Edition,496,2021,2021,,2022/05/16,,,read,,,,1,0
60622879,Just Enough Rain,P.H.Lee,"P.H.Lee, P.H.Lee",,"=""""","=""""",0,4.00,,,12,2021,,,2022/05/16,,,read,,,,1,0
52267290,"The Raven Heir (The Raven Crown, #1)",Stephanie Burgis,"Burgis, Stephanie",,"=""""","=""""",4,3.94,Bloomsbury Children's Books,Kindle Edition,272,2021,2021,,2022/05/16,,,read,,,,1,0
57877333,The Necessity of Stars,E. Catherine Tobler,"Tobler, E. Catherine",,"=""1952086183""","=""9781952086182""",0,3.80,Neon Hemlock Press,Paperback,80,2021,2021,,2022/05/16,,,read,,,,1,0
55278507,"Shards of Earth (The Final Architecture, #1)",Adrian Tchaikovsky,"Tchaikovsky, Adrian",Sophie Aldred,"=""1549106392""","=""9781549106392""",0,4.20,Orbit,Audiobook,457,2021,2021,,2022/05/16,,,read,,,,1,0
43352954,This is How You Lose the Time War,Amal El-Mohtar,"El-Mohtar, Amal",Max Gladstone,"=""""","=""""",0,3.95,Saga Press,Kindle Edition,209,2019,2019,2022/03/20,2022/03/24,sci-fi-novellas-l1,sci-fi-novellas-l1 (#4),read,,,,1,0
50663055,Elder Race,Adrian Tchaikovsky,"Tchaikovsky, Adrian",,"=""1250768721""","=""9781250768728""",0,4.14,Tordotcom,Paperback,201,2021,2021,,2022/04/26,sci-fi-novellas-l1,sci-fi-novellas-l1 (#3),read,,,,1,0
53317480,Light Chaser,Peter F. Hamilton,"Hamilton, Peter F.",Gareth L. Powell,"=""1250769825""","=""9781250769824""",0,3.83,Tor.com,Paperback,173,2021,2021,,2022/04/26,sci-fi-novellas-l1,sci-fi-novellas-l1 (#2),read,,,,1,0
49669410,Emergency Skin,N.K. Jemisin,"Jemisin, N.K.",,"=""""","=""""",0,4.04,Amazon Original Stories,Kindle Edition,38,2019,2019,,2021/07/28,"sci-fi, 2021, sci-fi-novellas-l1","sci-fi (#3), 2021 (#14), sci-fi-novellas-l1 (#1)",read,,,,1,0
57730258,The Christmas Pig,J.K. Rowling,"Rowling, J.K.",Jim Field,"=""1338790234""","=""9781338790238""",0,4.17,Scholastic Inc.,Hardcover,288,2021,2021,2021/12/26,2022/01/01,"2021_ya, english-language-learning-track","2021_ya (#15), english-language-learning-track (#14)",read,,,,1,0
49089632,Elatsoe,Darcie Little Badger,"Badger, Darcie Little",Rovina Cai,"=""1646140052""","=""9781646140053""",0,4.02,Levine Querido,Hardcover,362,2020,2020,2022/04/11,2022/04/11,english-language-learning-track,english-language-learning-track (#13),read,,,,1,0
53317495,Fireheart Tiger,Aliette de Bodard,"Bodard, Aliette de",,"=""1250793262""","=""9781250793263""",0,3.43,Tordotcom,Paperback,103,2021,2021,2022/04/05,2022/04/11,english-language-learning-track-1-5,english-language-learning-track-1-5 (#4),read,,,,1,0
34144725,New York Fantastic: Fantasy Stories from the City that Never Sleeps,Paula Guran,"Guran, Paula",,"=""1597809314""","=""9781597809313""",0,3.53,Night Shade,Paperback,424,2017,2017,,2022/03/28,to-read,to-read (#28),to-read,,,,0,0
28503846,The Big Book of Science Fiction,Ann VanderMeer,"VanderMeer, Ann","Jeff VanderMeer, Kojo Laing","=""1101910097""","=""9781101910092""",0,4.18,Vintage,Paperback,1216,2016,2016,,2022/03/28,to-read,to-read (#27),to-read,,,,0,0
52459864,"Iron Widow (Iron Widow, #1)",Xiran Jay Zhao,"Zhao, Xiran Jay",,"=""0735269939""","=""9780735269934""",0,4.11,Penguin Teen,Hardcover,391,2021,2021,2022/03/24,2022/03/24,,,read,,,,1,0
6931246,Kraken,China Miéville,"Miéville, China",,"=""034549749X""","=""9780345497499""",0,3.61,Del Rey,Hardcover,509,2010,2010,2022/03/18,2022/03/24,,,read,,,,1,0
31578250,October: The Story of the Russian Revolution,China Miéville,"Miéville, China",,"=""1784782777""","=""9781784782771""",0,3.91,Verso,Hardcover,369,2017,2017,2018/07/31,2022/03/24,,,read,,,,1,0
41017647,The Last Days of New Paris,China Miéville,"Miéville, China",,"=""""","=""""",0,3.54,Del Rey,Kindle Edition,209,2016,2016,2022/03/07,2020/12/31,2021,2021 (#9),read,,,,1,0
11275323,"Raising Steam (Discworld, #40; Moist von Lipwig, #3)",Terry Pratchett,"Pratchett, Terry",,"=""0857522272""","=""9780857522276""",0,4.00,Doubleday,Hardcover,377,2013,2013,2022/02/28,2022/03/24,,,read,,,,1,0
8785374,"Snuff (Discworld, #39; City Watch, #8)",Terry Pratchett,"Pratchett, Terry",,"=""038561926X""","=""9780385619264""",0,4.17,Doubleday UK,Hardcover,378,2011,2011,2022/02/19,2022/03/24,,,read,,,,1,0
13515493,"The World of Poo (Discworld, #39.5)",Terry Pratchett,"Pratchett, Terry","Bernard Pearson, Isobel Pearson","=""0857521217""","=""9780857521217""",0,3.73,Doubleday,Hardcover,128,2012,2012,2022/02/14,2022/03/24,,,read,,,,1,0
992601,The Diddakoi,Rumer Godden,"Godden, Rumer",,"=""0330398687""","=""9780330398688""",0,4.15,Macmillan Children's Books,Paperback,152,2004,1968,2022/02/17,2022/03/24,,,read,,,,1,0
52130311,Made to Order: Robots and Revolution,Jonathan Strahan,"Strahan, Jonathan","Vina Jie-Min Prasad, Peter Watts, Saad Z. Hossain, Daryl Gregory, Tochi Onyebuchi, Ken Liu, Sarah Pinsker, Peter F. Hamilton, John Chu, Alastair Reynolds, Rich  Larson, Annalee Newitz, Ian R. MacLeod, Sofia Samatar, Suzanne Palmer, Brooke Bolander","=""1781087873""","=""9781781087879""",0,3.95,Solaris,Paperback,349,2020,2020,2022/03/24,2022/02/07,,,read,,,,1,0
6250169,"Unseen Academicals (Discworld, #37; Rincewind, #8)",Terry Pratchett,"Pratchett, Terry",,"=""0061161705""","=""9780061161704""",0,4.00,HarperCollins,Hardcover,417,2009,2009,2022/02/08,2022/02/07,,,read,,,,1,0
35519109,"Exit Strategy (The Murderbot Diaries, #4)",Martha Wells,"Wells, Martha",,"=""""","=""""",0,4.39,Tor.com,Kindle Edition,176,2018,2018,2022/02/08,2022/02/07,,,read,,,,1,0
35519101,"Rogue Protocol (The Murderbot Diaries, #3)",Martha Wells,"Wells, Martha",,"=""1250191785""","=""9781250191786""",0,4.27,Tor.com,Hardcover,158,2018,2018,2022/01/13,2022/02/07,,,read,,,,1,0
55836376,Norse Myths (Ancient Myths),Matt Ralphs,"Ralphs, Matt",Katie Ponder,"=""0744033357""","=""9780744033359""",0,4.13,DK Children,Hardcover,144,2021,2021,2022/01/12,2022/02/07,,,read,,,,1,0
37903770,Norse Mythology,Neil Gaiman,"Gaiman, Neil",,"=""""","=""""",0,4.10,W. W. Norton & Company,Paperback,301,2018,2017,2022/01/12,2022/02/07,,,read,,,,1,0
35280044,Anansy Boys (LITT GENERALE) (French Edition),Neil Gaiman,"Gaiman, Neil",Michel Pagel,"=""""","=""""",0,4.04,Au Diable Vauvert,Kindle Edition,418,2017,2005,2022/01/25,2022/02/07,,,read,,,,1,0
17699853,"Chain of Gold (The Last Hours, #1)",Cassandra Clare,"Clare, Cassandra",,"=""1481431870""","=""9781481431873""",4,4.41,Margaret K. McElderry Books,Hardcover,582,2020,2020,2022/02/08,2022/02/07,,,read,,,,1,0
27905658,Iron Man: The Gauntlet,Eoin Colfer,"Colfer, Eoin","Owen Richardson, Marvel Press Artist","=""1484741609""","=""9781484741603""",3,3.68,Marvel Press,Hardcover,273,2016,2016,2022/02/08,2022/02/07,,,read,,,,1,0
56179356,"A Spindle Splintered (Fractured Fables, #1)",Alix E. Harrow,"Harrow, Alix E.",,"=""1250765358""","=""9781250765352""",0,3.64,Tordotcom,Hardcover,119,2021,2021,2021/12/21,2022/01/01,2021_ya,2021_ya (#14),read,,,,1,0
37586799,"Half a King (Shattered Sea, #1)",Joe Abercrombie,"Abercrombie, Joe",,"=""0007550227""","=""9780007550227""",5,3.97,HarperVoyager,Paperback,416,2018,2014,2020/12/31,2020/12/31,"young-adult, 2021_ya","young-adult (#2), 2021_ya (#13)",read,,,,1,0
17571564,"Hyperbole and a Half: Unfortunate Situations, Flawed Coping Mechanisms, Mayhem, and Other Things That Happened",Allie Brosh,"Brosh, Allie",,"=""1451666179""","=""9781451666175""",5,4.16,Touchstone Books,Paperback,371,2013,2013,2021/06/05,2021/06/05,2021_ya,2021_ya (#12),read,,,,1,0
34527,"Feet of Clay (Discworld, #19; City Watch, #3)",Terry Pratchett,"Pratchett, Terry",,"=""0552153257""","=""9780552153256""",5,4.31,Corgi,Paperback,411,2005,1996,2021/02/10,2021/02/01,"discworld, 2021_ya","discworld (#17), 2021_ya (#11)",read,,,,1,0
45047384,The House in the Cerulean Sea,T.J. Klune,"Klune, T.J.",,"=""""","=""""",5,4.43,Tor Books,Kindle Edition,394,2020,2020,2021/10/03,2021/11/02,"young-adult, 2021_ya","young-adult (#59), 2021_ya (#10)",read,,,,1,0
7095831,"Ship Breaker (Ship Breaker, #1)",Paolo Bacigalupi,"Bacigalupi, Paolo",,"=""0316056219""","=""9780316056212""",0,3.75,"Little, Brown Books for Young Readers",Hardcover,326,2010,2010,2020/12/31,2020/12/31,"young-adult, 2021_ya","young-adult (#1), 2021_ya (#9)",read,,,,1,0
54369251,A Wizard’s Guide to Defensive Baking,T. Kingfisher,"Kingfisher, T.",,"=""1614505241""","=""9781614505242""",5,4.16,Argyll Productions,Paperback,308,2020,2020,2021/07/25,2021/07/28,"young-adult, english-language-learning-track-1-5, 2021_ya","young-adult (#56), english-language-learning-track-1-5 (#2), 2021_ya (#8)",read,,,,1,0
30223025,"Dread Nation (Dread Nation, #1)",Justina Ireland,"Ireland, Justina",,"=""0062570609""","=""9780062570604""",5,4.14,Balzer + Bray,Hardcover,455,2018,2018,2021/05/03,2020/12/31,"young-adult, 2021_ya","young-adult (#51), 2021_ya (#7)",read,,,,2,0
34966859,"Dragon Pearl (Thousand Worlds, #1)",Yoon Ha Lee,"Lee, Yoon Ha",,"=""136801335X""","=""9781368013352""",5,3.83,Rick Riordan Presents,Hardcover,312,2019,2019,2021/01/26,2020/12/31,"young-adult, 2021_ya","young-adult (#53), 2021_ya (#6)",read,,,,1,0
23592175,The Lie Tree,Frances Hardinge,"Hardinge, Frances",,"=""144726410X""","=""9781447264101""",5,3.85,Macmillan Children's Books ,Paperback,410,2015,2015,2021/09/18,2021/09/05,"english-language-learning-track-1-5, 2021_ya","english-language-learning-track-1-5 (#1), 2021_ya (#5)",read,,,,1,0
42201922,Midsummer's Mayhem,Rajani LaRocca,"LaRocca, Rajani",,"=""1499808887""","=""9781499808889""",5,4.12,Yellow Jacket,Hardcover,352,2019,2019,2021/08/14,2021/09/05,"young-adult, english-language-learning-track, 2021_ya","young-adult (#57), english-language-learning-track (#9), 2021_ya (#4)",read,,,,1,0
68496,Un Lun Dun,China Miéville,"Miéville, China",,"=""0345495160""","=""9780345495167""",0,3.83,Del Rey,Hardcover,432,2007,2007,2021/04/08,2020/12/31,"young-adult, english-language-learning-track, 2021_ya","young-adult (#36), english-language-learning-track (#12), 2021_ya (#3)",read,,,,1,0
34494,"The Wee Free Men (Discworld, #30; Tiffany Aching, #1)",Terry Pratchett,"Pratchett, Terry",,"=""0060012382""","=""9780060012380""",5,4.28,HarperTrophy,Mass Market Paperback,375,2004,2003,2020/12/07,2020/12/02,"young-adult, discworld, english-language-learning-track, 2021_ya","young-adult (#5), discworld (#13), english-language-learning-track (#10), 2021_ya (#2)",read,,,,1,0
16248246,Unnatural Creatures,Neil Gaiman,"Gaiman, Neil",Maria Dahvana Headley,"=""0062236296""","=""9780062236296""",5,3.88,HarperCollins,Hardcover,462,2013,2013,2021/06/20,2021/01/17,"young-adult, english-language-learning-track, 2021_ya","young-adult (#55), english-language-learning-track (#7), 2021_ya (#1)",read,,,,1,0
42074525,"The City We Became (Great Cities, #1)",N.K. Jemisin,"Jemisin, N.K.",,"=""""","=""""",0,3.89,Orbit,Hardcover,437,2020,2020,2020/07/31,2020/12/02,2021_,2021_ (#10),read,,,,1,0
386162,"The Hitchhiker's Guide to the Galaxy (The Hitchhiker's Guide to the Galaxy, #1)",Douglas Adams,"Adams, Douglas",,"=""""","=""""",4,4.23,Del Rey,Paperback,193,2007,1979,2021/11/01,2019/11/21,"in-far-long-future, 2021_","in-far-long-future (#1), 2021_ (#9)",read,,,,1,0
55577090,The Best Science Fiction of the Year Volume Five,Neil Clarke,"Clarke, Neil",,"=""""","=""""",0,3.70,Night Shade Books,Kindle Edition,794,2020,2020,2021/12/10,2020/12/02,2021_,2021_ (#8),read,,,,1,0
50202953,Piranesi,Susanna Clarke,"Clarke, Susanna",,"=""163557563X""","=""9781635575637""",0,4.24,Bloomsbury,Hardcover,245,2020,2020,2021/12/14,2020/12/31,"2021, 2021_","2021 (#4), 2021_ (#7)",read,,,,1,0
49676965,Summer Frost,Blake Crouch,"Crouch, Blake",,"=""""","=""""",0,4.10,Amazon Original Stories,Kindle Edition,75,2019,2019,,2021/07/28,"sci-fi, 2021, 2021_","sci-fi (#2), 2021 (#13), 2021_ (#6)",read,,,,1,0
19161852,"The Fifth Season (The Broken Earth, #1)",N.K. Jemisin,"Jemisin, N.K.",,"=""""","=""""",0,4.31,Orbit,Paperback,468,2015,2015,2020/11/30,2020/12/02,"2021, sci-fi, 2021_","2021 (#18), sci-fi (#7), 2021_ (#5)",read,,,,1,0
53152636,Mexican Gothic,Silvia Moreno-Garcia,"Moreno-Garcia, Silvia",,"=""""","=""""",4,3.68,Del Rey,Hardcover,320,2020,2020,2021/10/14,2021/11/02,2021_,2021_ (#4),read,,,,1,0
64222,"Going Postal (Discworld, #33; Moist von Lipwig, #1)",Terry Pratchett,"Pratchett, Terry",,"=""0060502932""","=""9780060502935""",5,4.40,HarperTorch,Mass Market Paperback,394,2005,2004,2021/09/04,2021/09/05,"discworld, 2021_","discworld (#33), 2021_ (#3)",read,,,,1,0
11830394,2312,Kim Stanley Robinson,"Robinson, Kim Stanley",,"=""0316098124""","=""9780316098120""",0,3.50,Orbit,Hardcover,561,2012,2012,2021/12/31,2020/12/31,"2021, 2021_","2021 (#7), 2021_ (#2)",read,,,,2,0
32758901,"All Systems Red (The Murderbot Diaries, #1)",Martha Wells,"Wells, Martha",,"=""""","=""""",5,4.16,Tor.com,ebook,144,2017,2017,2021/12/14,2022/01/01,2021_,2021_ (#1),read,,,,1,0
30165203,"American Gods (American Gods, #1)",Neil Gaiman,"Gaiman, Neil",,"=""""","=""""",0,4.11,William Morrow,Kindle Edition,635,2011,2001,2018/11/03,2022/01/03,,,read,,,,1,0
8879121,"Zita the Spacegirl (Zita the Spacegirl, #1)",Ben Hatke,"Hatke, Ben",,"=""1596434465""","=""9781596434462""",5,4.10,First Second,Paperback,186,2011,2011,2021/12/30,2022/01/01,,,read,,,,1,0
49789629,"The Year of the Witching (Bethel, #1)",Alexis Henderson,"Henderson, Alexis",,"=""0593099605""","=""9780593099605""",0,3.82,Ace ,Hardcover,368,2020,2020,2021/03/21,2022/01/01,,,read,,,,1,0
23613,"Sir Gawain and the Green Knight, Pearl, and Sir Orfeo",Unknown,"Unknown, Unknown","J.R.R. Tolkien, Christopher Tolkien","=""""","=""""",0,3.98,HarperCollins Publishers,Paperback,158,1995,1975,2021/08/01,2021/09/05,,,read,,,,1,0
53418394,"For the Wolf (Wilderwood, #1)",Hannah F. Whitten,"Whitten, Hannah F.",,"=""0316592781""","=""9780316592789""",0,3.64,Orbit Books,Paperback,437,2021,2021,2021/11/14,2022/01/01,,,read,,,,1,0
13536811,A Blink of the Screen: Collected Shorter Fiction,Terry Pratchett,"Pratchett, Terry",A.S. Byatt,"=""0385618980""","=""9780385618984""",0,4.04,Doubleday UK,Hardcover,320,2012,2012,2021/12/31,2020/12/02,,,read,,,,1,0
50358085,The Neil Gaiman Reader: Selected Fiction,Neil Gaiman,"Gaiman, Neil",Marlon James,"=""006303185X""","=""9780063031852""",0,4.48,William Morrow,Hardcover,752,2020,2020,2021/12/31,2020/12/02,,,read,,,,1,0
49617672,Loki: The God Who Fell to Earth,Daniel Kibblesmith,"Kibblesmith, Daniel","Oscar Bazaldua, Andy MacDonald, Victor Olazaba, David Curiel, Carlos López, Clayton Cowles","=""1302920316""","=""9781302920319""",0,3.99,Marvel,Paperback,128,2020,2020,2021/12/16,2022/01/01,,,read,,,,1,0
34503,"The Last Hero (Discworld, #27; Rincewind, #7)",Terry Pratchett,"Pratchett, Terry",Paul Kidby,"=""0060507772""","=""9780060507770""",0,4.17,Harper Paperbacks,Paperback,176,2002,2001,2021/06/10,2022/01/01,discworld,discworld (#36),read,,,,1,0
116296,"Making Money (Discworld, #36; Moist Von Lipwig, #2)",Terry Pratchett,"Pratchett, Terry",,"=""0061161640""","=""9780061161643""",0,4.25,Harper,Hardcover,394,2007,2007,2021/12/17,2022/01/01,discworld,discworld (#35),read,,,,1,0
59959,The Complete Frank Miller Spider-Man,Frank Miller,"Miller, Frank",,"=""0785108998""","=""9780785108993""",0,3.78,Marvel Comics,Hardcover,208,2002,1994,,2022/01/01,,,read,,,,1,0
36223860,"Artificial Condition (The Murderbot Diaries, #2)",Martha Wells,"Wells, Martha",,"=""""","=""""",5,4.28,Tor.com,Hardcover,158,2018,2018,2021/12/30,2022/01/01,,,read,,,,1,0
62530,"Thud! (Discworld, #34; City Watch, #7)",Terry Pratchett,"Pratchett, Terry",,"=""""","=""""",4,4.34,Corgi,Paperback,439,2006,2005,2021/10/22,2021/11/02,,,read,,,,2,0
14497,"Neverwhere (London Below, #1)",Neil Gaiman,"Gaiman, Neil",,"=""0060557818""","=""9780060557812""",5,4.17,William Morrow Paperbacks,Paperback,370,2003,1996,2021/09/25,2021/01/17,young-adult,young-adult (#58),read,,,,1,0
15783514,The Ocean at the End of the Lane,Neil Gaiman,"Gaiman, Neil",,"=""0062255657""","=""9780062255655""",5,4.02,William Morrow Books,Hardcover,181,2013,2013,2020/10/03,2020/12/02,"young-adult, english-language-learning-track-1-5","young-adult (#17), english-language-learning-track-1-5 (#3)",read,,,,1,0
2213661,The Graveyard Book,Neil Gaiman,"Gaiman, Neil",Dave McKean,"=""0060530928""","=""9780060530921""",5,4.15,HarperCollins,Hardcover,312,2008,2008,,2020/05/10,"young-adult, english-language-learning-track","young-adult (#24), english-language-learning-track (#11)",read,And this book I read and listen how Neil Gaiman read them aloud.   ,,,1,0
34511,"Monstrous Regiment (Discworld, #31; Industrial Revolution, #3)",Terry Pratchett,"Pratchett, Terry",,"=""""","=""""",5,4.22,,Paperback,496,2003,2003,2021/08/21,2021/09/05,discworld,discworld (#34),read,,,,1,0
50523477,"The Jasmine Throne (The Burning Kingdoms, #1)",Tasha Suri,"Suri, Tasha",,"=""0356515648""","=""9780356515649""",0,4.17,Orbit,Paperback,533,2021,2021,2021/08/21,2021/09/05,,,read,,,,1,0
2141233,The Illustrated A Brief History of Time/The Universe in a Nutshell,Stephen Hawking,"Hawking, Stephen",,"=""""","=""""",0,4.31,Bantam Dell Publ. Group,Paperback,464,2007,1988,2021/08/07,2021/09/05,,,read,,,,1,0
884288,"Interesting Times (Discworld, #17; Rincewind, #5)",Terry Pratchett,"Pratchett, Terry",,"=""0061056901""","=""9780061056901""",0,4.15,HarperTorch,Mass Market Paperback,368,1998,1994,2021/03/21,2021/03/13,discworld,discworld (#32),read,,,,1,0
78876,"Maskerade (Discworld, #18; Witches, #5)",Terry Pratchett,"Pratchett, Terry",,"=""0575058080""","=""9780575058088""",0,4.11,VictorGollancz,Hardcover,285,1995,1995,2021/03/28,2021/04/04,discworld,discworld (#31),read,,,,1,0
47994,"The Last Continent (Discworld, #22; Rincewind, #6)",Terry Pratchett,"Pratchett, Terry",,"=""0552154180""","=""9780552154185""",0,3.99,Corgi,Paperback,416,2006,1998,2021/05/05,2021/05/08,discworld,discworld (#30),read,,,,1,0
34541,"Carpe Jugulum (Discworld, #23; Witches, #6)",Terry Pratchett,"Pratchett, Terry",,"=""0061051586""","=""9780061051586""",0,4.16,Harper Voyager,Hardcover,296,1999,1998,2021/05/13,2021/05/16,discworld,discworld (#29),read,,,,2,0
288680,"The Truth (Discworld, #25)",Terry Pratchett,"Pratchett, Terry",,"=""0552147680""","=""9780552147682""",0,4.40,Corgi,Mass Market Paperback,444,2001,2000,2021/05/17,2021/05/16,discworld,discworld (#28),read,,,,1,0
48002,"Thief of Time (Discworld, #26; Death, #5)",Terry Pratchett,"Pratchett, Terry",,"=""0061031321""","=""9780061031328""",5,4.27,HarperTorch,Paperback,378,2008,2001,2021/05/24,2021/06/05,discworld,discworld (#27),read,,,,1,0
47989,"Night Watch (Discworld, #29; City Watch, #6)",Terry Pratchett,"Pratchett, Terry",,"=""055215430X""","=""9780552154307""",5,4.49,Corgi,Paperback,480,2011,2002,2021/06/10,2021/07/28,discworld,discworld (#26),read,,,,1,0
29394403,The Witch's Vacuum Cleaner,Terry Pratchett,"Pratchett, Terry",,"=""0857534831""","=""9780857534835""",0,3.71,Doubleday,Hardcover,336,2016,2016,2021/06/30,2021/07/28,english-language-learning-track,english-language-learning-track (#8),read,,,,1,0
26228034,"The Obelisk Gate (The Broken Earth, #2)",N.K. Jemisin,"Jemisin, N.K.",,"=""""","=""""",0,4.31,Orbit,Paperback,410,2016,2016,2021/07/21,2020/12/02,"2021, sci-fi","2021 (#1), sci-fi (#8)",read,,,,1,0
49661162,Randomize,Andy Weir,"Weir, Andy",,"=""""","=""""",0,3.52,Amazon Original Stories,Kindle Edition,28,2019,2019,,2021/07/28,"sci-fi, 2021","sci-fi (#6), 2021 (#17)",read,,,,1,0
49674113,The Last Conversation,Paul Tremblay,"Tremblay, Paul",,"=""""","=""""",0,3.75,Amazon Original Stories,Kindle Edition,56,2019,2019,,2021/07/28,"sci-fi, 2021","sci-fi (#5), 2021 (#16)",read,,,,1,0
49665863,You Have Arrived at Your Destination,Amor Towles,"Towles, Amor",,"=""""","=""""",0,3.48,Amazon Original Stories,Kindle Edition,54,2019,2019,,2021/07/28,"sci-fi, 2021","sci-fi (#4), 2021 (#15)",read,,,,1,0
49680556,Ark,Veronica Roth,"Roth, Veronica",,"=""""","=""""",0,3.58,Amazon Original Stories,Kindle Edition,45,2019,2019,,2021/07/28,"sci-fi, 2021","sci-fi (#1), 2021 (#12)",read,,,,1,0
22055283,"Half the World (Shattered Sea, #2)",Joe Abercrombie,"Abercrombie, Joe",,"=""0804178429""","=""9780804178426""",0,4.19,Del Rey,Hardcover,366,2015,2015,2021/06/11,2020/12/31,young-adult,young-adult (#30),read,,,,1,0
35606041,"A Little Hatred (The Age of Madness, #1)",Joe Abercrombie,"Abercrombie, Joe",,"=""031618716X""","=""9780316187169""",0,4.45,Orbit,Hardcover,480,2019,2019,2021/06/01,2020/12/31,2021,2021 (#3),read,,,,1,0
22886868,"The Shepherd's Crown (Discworld, #41; Tiffany Aching, #5)",Terry Pratchett,"Pratchett, Terry",Rob  Wilkins,"=""0062429973""","=""9780062429971""",0,4.38,Harper,Hardcover,276,2015,2015,2021/05/09,2020/12/31,young-adult,young-adult (#34),read,,,,2,0
34532,"Hogfather (Discworld, #20; Death, #4)",Terry Pratchett,"Pratchett, Terry",,"=""0552154288""","=""9780552154284""",5,4.25,Corgi,Paperback,432,2006,1996,2021/04/25,2020/12/31,discworld,discworld (#24),read,,,,1,0
54404792,The Ladies of the Secret Circus,Constance Sayers,"Sayers, Constance",,"=""0316493678""","=""9780316493673""",5,3.83,Redhook,Hardcover,448,2021,2021,2021/04/23,2021/04/23,,,read,"Most of all liked storytelling. Sometimes taking a book go through the simple travel plot and it's good. <br/>Although I like more than mystery novel ending the strong deduction case, time to time novel with closing in a fantasy world good too. <br/>For me, historical fiction around French 192x gives effect literature language. <br/>Be glad to see the link on Doctor Zhivago. I tried to read, but it's turn out not very interesting. So I was glad to read a good story, raising readability Pasternak. ",,,1,0
34484,"Small Gods (Discworld, #13)",Terry Pratchett,"Pratchett, Terry",,"=""0552152978""","=""9780552152976""",0,4.31,Corgi,Paperback,400,2005,1992,2021/03/07,2021/02/10,discworld,discworld (#21),read,,,,1,0
34529,"Lords and Ladies (Discworld, #14; Witches, #4)",Terry Pratchett,"Pratchett, Terry",,"=""055215315X""","=""9780552153157""",0,4.19,Corgi,Paperback,400,2005,1992,2021/03/13,2021/02/10,discworld,discworld (#22),read,,,,1,0
7576115,"I Shall Wear Midnight (Discworld, #38; Tiffany Aching, #4)",Terry Pratchett,"Pratchett, Terry",,"=""0385611072""","=""9780385611077""",5,4.35,Doubleday UK,Hardcover,349,2010,2010,2021/02/21,2020/12/31,"young-adult, discworld","young-adult (#33), discworld (#25)",read,,,,1,0
2442,"Witches Abroad (Discworld, #12; Witches, #3)",Terry Pratchett,"Pratchett, Terry",,"=""0061020613""","=""9780061020612""",5,4.24,Harper,Mass Market Paperback,374,2002,1991,2021/02/28,2021/02/10,discworld,discworld (#23),read,,,,1,0
63720,"The Fifth Elephant (Discworld, #24; City Watch, #5)",Terry Pratchett,"Pratchett, Terry",,"=""0552154229""","=""9780552154222""",0,4.29,Corgi,Paperback,464,2008,1999,2021/02/16,2021/02/01,discworld,discworld (#19),read,,,,1,0
6667,"Boy: Tales of Childhood (Roald Dahl's Autobiography, #1)",Roald Dahl,"Dahl, Roald",Quentin Blake,"=""0141311401""","=""9780141311401""",5,4.07,Puffin Books,Paperback,176,2001,1984,,2020/05/10,,,read,,,,1,0
34502,"Soul Music (Discworld, #16; Death, #3)",Terry Pratchett,"Pratchett, Terry",,"=""057506689X""","=""9780575066892""",0,4.05,Gollancz,Hardcover,424,1999,1994,2020/12/16,2020/12/31,"young-adult, discworld","young-adult (#3), discworld (#20)",read,,,,1,0
35430013,A Thousand Beginnings and Endings,Ellen Oh,"Oh, Ellen","Elsie Chapman, Melissa de la Cruz, Julie Kagawa, Renée Ahdieh, Roshani Chokshi, Aliette de Bodard, Cindy Pon, Alyssa Wong, Sona Charaipotra, Aisha Saeed, Lori M. Lee, Shveta Thakrar, Preeti Chhibber, E.C. Myers, Rahul Kanakia","=""0062671170""","=""9780062671172""",5,3.77,Greenwillow Books,ebook,336,2018,2018,2021/01/17,2020/12/31,young-adult,young-adult (#54),read,,,,1,0
47990,"Jingo (Discworld, #21; City Watch, #4)",Terry Pratchett,"Pratchett, Terry",,"=""0552154164""","=""9780552154161""",0,4.18,Corgi Books,Paperback,461,2006,1997,2021/02/10,2021/02/01,discworld,discworld (#18),read,,,,1,0
31147267,The Changeling,Victor LaValle,"LaValle, Victor",,"=""0812995945""","=""9780812995947""",4,3.78,Spiegel & Grau,Hardcover,431,2017,2017,2020/12/20,2020/12/02,,,read,,,,1,0
400354,"Men at Arms (Discworld, #15; City Watch, #2)",Terry Pratchett,"Pratchett, Terry",,"=""0061092193""","=""9780061092190""",4,4.40,HarperPrism,Mass Market Paperback,377,2003,1993,2021/01/31,2021/02/01,discworld,discworld (#16),read,,,,1,0
34517,"Reaper Man (Discworld, #11; Death, #2)",Terry Pratchett,"Pratchett, Terry",,"=""0552152951""","=""9780552152952""",4,4.28,Corgi,Kindle Edition,289,2005,1991,2021/01/22,2020/12/31,discworld,discworld (#11),read,,,,1,0
34492,"Wintersmith (Discworld, #35; Tiffany Aching, #3)",Terry Pratchett,"Pratchett, Terry",,"=""0060890312""","=""9780060890315""",0,4.24,HarperTempest,Hardcover,325,2006,2006,2021/01/17,2020/12/31,"young-adult, discworld","young-adult (#32), discworld (#15)",read,,,,1,0
34501,"A Hat Full of Sky (Discworld, #32; Tiffany Aching, #2)",Terry Pratchett,"Pratchett, Terry",,"=""055255264X""","=""9780552552646""",0,4.31,Corgi,Mass Market Paperback,352,2005,2004,2020/10/05,2020/12/02,"young-adult, discworld","young-adult (#10), discworld (#14)",read,,,,1,0
34534,"The Amazing Maurice and His Educated Rodents (Discworld, #28)",Terry Pratchett,"Pratchett, Terry",,"=""006001234X""","=""9780060012342""",0,4.06,HarperCollins,Library Binding,256,2001,2001,2020/05/01,2020/12/02,"young-adult, discworld","young-adult (#15), discworld (#12)",read,,,,1,0
64218,"Eric (Discworld, #9; Rincewind, #4)",Terry Pratchett,"Pratchett, Terry",,"=""0380821214""","=""9780380821211""",0,3.78,Harper,Mass Market Paperback,197,2008,1990,2021/01/12,2021/01/17,discworld,discworld (#10),read,,,,1,0
64216,"Guards! Guards! (Discworld, #8; City Watch, #1)",Terry Pratchett,"Pratchett, Terry",,"=""0061020648""","=""9780061020643""",0,4.33,HarperTorch,Mass Market Paperback,376,2001,1989,2020/12/11,2020/12/02,"young-adult, discworld","young-adult (#4), discworld (#9)",read,,,,1,0
64217,"Pyramids (Discworld, #7)",Terry Pratchett,"Pratchett, Terry",,"=""0061020656""","=""9780061020650""",0,3.92,Harper,Paperback,341,2008,1989,,2021/01/19,discworld,discworld (#8),read,,,,0,0
34504,"Wyrd Sisters (Discworld, #6; Witches, #2)",Terry Pratchett,"Pratchett, Terry",,"=""0061020664""","=""9780061020667""",5,4.15,HarTorch,Mass Market Paperback,265,2001,1988,2020/07/29,2020/07/29,"english-language-learning-track, young-adult, discworld","english-language-learning-track (#5), young-adult (#12), discworld (#7)",read,The first book in the series with cartoon by them. <br/><br/>Wyrd Sisters - A Discworld animated movie (FULL)<br/>https://www.youtube.com/watch?v=HGKP2vVwcDg&list=PLu-bw69l7nruuLTT6vPlsU9u2FhlT_Omm,,,2,0
34499,"Sourcery (Discworld, #5; Rincewind, #3)",Terry Pratchett,"Pratchett, Terry",,"=""0061020672""","=""9780061020674""",5,3.90,Harper,Mass Market Paperback,276,2008,1988,,2020/07/09,discworld,discworld (#6),read,,,,1,0
386372,"Mort (Discworld, #4; Death, #1)",Terry Pratchett,"Pratchett, Terry",,"=""0061020680""","=""9780061020681""",5,4.24,Harpertorch,Mass Market Paperback,243,2001,1987,2020/05/12,2020/05/12,"young-adult, discworld","young-adult (#14), discworld (#5)",read,I a little bit expect what to the fourth part reading becomes so soft like Coraline.<br/>But these are slightly more rough fiction constructions (as they should be here).<br/>It was reading with big pleasure),,,2,0
34507,"Equal Rites (Discworld, #3; Witches, #1)",Terry Pratchett,"Pratchett, Terry",,"=""0060855908""","=""9780060855901""",4,4.05,Harper Perennial,Paperback,240,2005,1987,2020/04/01,2020/03/31,"young-adult, discworld","young-adult (#16), discworld (#4)",read,"After watching movies (tv-shows) Good Omens, Hogfather and The Color of Magic. And after reading the book Good Omens. I become to read the Discworld series. <br/>And it wasn't very interesting to read the first two books. I think because I can't find a lot of relations between the plot of books and movies (looks like it will be and in the next books series ;). <br/>And only on Equal Rites, it's start becomes reading with pleasure. ",,,1,0
34506,"The Light Fantastic (Discworld, #2; Rincewind, #2)",Terry Pratchett,"Pratchett, Terry",,"=""0061020702""","=""9780061020704""",0,3.99,HarperTorch,Mass Market Paperback,277,2000,1986,,2021/01/19,discworld,discworld (#3),read,,,,1,0
34497,"The Color of Magic (Discworld, #1; Rincewind, #1)",Terry Pratchett,"Pratchett, Terry",,"=""0060855924""","=""9780060855925""",0,4.00,Harper,Paperback,228,2005,1983,,2021/01/19,discworld,discworld (#2),read,,,,2,0
34510,"Moving Pictures (Discworld, #10; Industrial Revolution, #1)",Terry Pratchett,"Pratchett, Terry",,"=""0552152943""","=""9780552152945""",0,3.96,Corgi,Paperback,396,2005,1990,2021/01/16,2020/12/31,discworld,discworld (#1),read,,,,1,0
45836551,"Deathless Divide (Dread Nation, #2)",Justina Ireland,"Ireland, Justina",,"=""""","=""""",0,4.16,Balzer + Bray,Kindle Edition,553,2020,2020,,2020/12/31,"to-read, young-adult","to-read (#26), young-adult (#52)",to-read,,,,0,0
18746776,"Akata Warrior (The Nsibidi Scripts, #2)",Nnedi Okorafor,"Okorafor, Nnedi",,"=""""","=""""",0,4.23,Viking Books for Young Readers,Kindle Edition,496,2017,2017,,2020/12/31,"to-read, young-adult","to-read (#25), young-adult (#50)",to-read,,,,0,0
7507944,"Akata Witch (The Nsibidi Scripts, #1)",Nnedi Okorafor,"Okorafor, Nnedi",,"=""0670011967""","=""9780670011964""",0,4.04,Viking Children's,Hardcover,349,2011,2011,,2020/12/31,"to-read, young-adult","to-read (#24), young-adult (#49)",to-read,,,,0,0
45447108,"Shadowshaper Legacy (Shadowshaper Cypher, #3)",Daniel José Older,"Older, Daniel José",,"=""""","=""""",0,4.26,Scholastic Press,Kindle Edition,320,2020,2020,,2020/12/31,"to-read, young-adult","to-read (#23), young-adult (#48)",to-read,,,,0,0
28962452,Revenger (Revenger #1),Alastair Reynolds,"Reynolds, Alastair",,"=""0575090537""","=""9780575090538""",0,3.82,Gollancz,Hardcover,425,2016,2016,,2020/12/31,"to-read, young-adult","to-read (#22), young-adult (#45)",to-read,,,,0,0
18961360,"The Girl Who Raced Fairyland All the Way Home (Fairyland, #5)",Catherynne M. Valente,"Valente, Catherynne M.",,"=""1250023513""","=""9781250023513""",0,4.48,Feiwel and Friends,Hardcover,308,2016,2016,,2020/12/31,"to-read, young-adult","to-read (#21), young-adult (#44)",to-read,,,,0,0
18961361,"The Boy Who Lost Fairyland (Fairyland, #4)",Catherynne M. Valente,"Valente, Catherynne M.",Ana Juan,"=""1250023491""","=""9781250023490""",0,4.16,Feiwel & Friends,Hardcover,235,2015,2015,,2020/12/31,"to-read, young-adult","to-read (#20), young-adult (#43)",to-read,,,,0,0
17261183,"The Girl Who Soared Over Fairyland and Cut the Moon in Two (Fairyland, #3)",Catherynne M. Valente,"Valente, Catherynne M.",Ana Juan,"=""1250023505""","=""9781250023506""",0,4.01,Feiwel & Friends,Hardcover,248,2013,2013,,2020/12/31,"to-read, young-adult","to-read (#19), young-adult (#42)",to-read,,,,0,0
13538708,"The Girl Who Fell Beneath Fairyland and Led the Revels There (Fairyland, #2)",Catherynne M. Valente,"Valente, Catherynne M.",Ana Juan,"=""0312649622""","=""9780312649623""",0,4.18,Feiwel & Friends,Hardcover,258,2012,2012,,2020/12/31,"to-read, young-adult","to-read (#18), young-adult (#41)",to-read,,,,0,0
9591398,"The Girl Who Circumnavigated Fairyland in a Ship of Her Own Making (Fairyland, #1)",Catherynne M. Valente,"Valente, Catherynne M.",,"=""0312649614""","=""9780312649616""",0,3.95,Feiwel & Friends,Hardcover,247,2011,2011,,2020/12/31,"to-read, young-adult","to-read (#17), young-adult (#40)",to-read,,,,0,0
6234429,The Hotel Under the Sand,Kage Baker,"Baker, Kage",Stephanie Pui-Mun Law,"=""1892391899""","=""9781892391896""",0,3.76,Tachyon Publications,Paperback,179,2009,2009,,2020/12/31,"to-read, young-adult","to-read (#16), young-adult (#39)",to-read,,,,0,0
6050678,"Leviathan (Leviathan, #1)",Scott Westerfeld,"Westerfeld, Scott",Keith Thompson,"=""1416971734""","=""9781416971733""",0,3.91,Simon & Schuster Books for Young Readers,Hardcover,448,2009,2009,,2020/12/31,"to-read, young-adult","to-read (#15), young-adult (#38)",to-read,,,,0,0
2662169,Tender Morsels,Margo Lanagan,"Lanagan, Margo",,"=""0375848118""","=""9780375848117""",0,3.58,Alfred A. Knopf,Hardcover,436,2008,2007,,2020/12/31,"to-read, young-adult","to-read (#14), young-adult (#37)",to-read,,,,0,0
22381326,"Half a War (Shattered Sea, #3)",Joe Abercrombie,"Abercrombie, Joe",,"=""""","=""""",0,4.03,Harper Voyager,Kindle Edition,513,2015,2015,,2020/12/31,"young-adult, to-read","young-adult (#31), to-read (#13)",to-read,,,,0,0
34212799,"Tool of War (Ship Breaker, #3)",Paolo Bacigalupi,"Bacigalupi, Paolo",,"=""0316220833""","=""9780316220835""",0,4.05,"Little, Brown Books for Young Readers",Hardcover,336,2017,2017,,2020/12/31,"young-adult, to-read","young-adult (#28), to-read (#12)",to-read,,,,0,0
12814594,"The Drowned Cities (Ship Breaker, #2)",Paolo Bacigalupi,"Bacigalupi, Paolo",,"=""0316056243""","=""9780316056243""",0,3.90,"Little, Brown Books for Young Readers",Hardcover,437,2012,2012,,2020/12/31,"young-adult, to-read","young-adult (#27), to-read (#11)",to-read,,,,0,0
24559650,Dragons at Crumbling Castle: And Other Tales,Terry Pratchett,"Pratchett, Terry",Mark Beech,"=""""","=""""",5,3.77,Clarion Books,Kindle Edition,357,2015,2014,,2020/02/11,young-adult,young-adult (#26),read,,,,1,0
12067,"Good Omens: The Nice and Accurate Prophecies of Agnes Nutter, Witch",Terry Pratchett,"Pratchett, Terry",Neil Gaiman,"=""""","=""""",5,4.25,William Morrow,Mass Market Paperback,491,2006,1990,,2020/06/03,young-adult,young-adult (#25),read,The Ineffable Con 2 Zine<br/><br/>https://vk.com/ekashirin?w=wall183922_3530,,,1,0
17061,Coraline,Neil Gaiman,"Gaiman, Neil",Dave McKean,"=""0061139378""","=""9780061139376""",5,4.10,William Morrow Paperbacks,Paperback,176,2006,2002,,2020/04/19,"english-language-learning-track, young-adult","english-language-learning-track (#4), young-adult (#23)",read,"Very cool:)<br/>I read it, and then watch a cartoon.<br/>https://vk.com/ekashirin?z=video72748152_161619964%2Fpl_wall_183922",,,1,0
136251,"Harry Potter and the Deathly Hallows (Harry Potter, #7)",J.K. Rowling,"Rowling, J.K.",,"=""""","=""""",4,4.62,Arthur A. Levine Books,Hardcover,759,2007,2007,,2019/11/21,young-adult,young-adult (#22),read,,,,1,0
507859,Rumpelstiltskin and Other Grimm Tales,Jacob Grimm,"Grimm, Jacob",Markéta Prachatická,"=""0571196314""","=""9780571196319""",5,3.93,Faber & Faber Ltd,Paperback,208,1999,1999,2020/01/31,2020/12/02,"english-language-learning-track, young-adult","english-language-learning-track (#1), young-adult (#19)",read,recollect in the way learning language <br/><br/>https://www.facebook.com/groups/189637732185577/permalink/196278441521506/,,,1,0
32075825,"The Rise and Fall of D.O.D.O. (D.O.D.O., #1)",Neal Stephenson,"Stephenson, Neal",Nicole Galland,"=""0062409166""","=""9780062409164""",5,3.86,William Morrow,Hardcover,752,2017,2017,2020/02/29,2020/12/02,young-adult,young-adult (#18),read,,,,1,0
43521657,The Ten Thousand Doors of January,Alix E. Harrow,"Harrow, Alix E.",,"=""0316421995""","=""9780316421997""",5,4.04,Redhook,Hardcover,374,2019,2019,2020/06/11,2020/06/10,"english-language-learning-track, young-adult","english-language-learning-track (#6), young-adult (#13)",read,"Cool:)<br/>Because in this month I also had read Coraline and after watched cartoon, and read The Graveyard Book with record how Neil Gaiman to read them aloud. <br/>I had additional visualization somewhere between them.   <br/><br/>And on Orbit live was presentations where first chapter was read aloud:<br/>https://www.crowdcast.io/e/alix-e-harrow-at-mysterious-galaxy-may2020?utm_source=profile&utm_medium=profile_web&utm_campaign=profile<br/>https://www.crowdcast.io/e/alix-e-harrow-at-malaprops-may2020/register?utm_source=profile&utm_medium=profile_web&utm_campaign=profile<br/>https://www.crowdcast.io/e/alix-e-harrow-at-women-and-children-first-may2020?utm_source=profile&utm_medium=profile_web&utm_campaign=profile",,,1,0
34496,The Unadulterated Cat,Terry Pratchett,"Pratchett, Terry","Gray Jolliffe, Marguerite Schneider-English","=""0752853694""","=""9780752853697""",0,3.82,Gollancz,Hardcover,157,2004,1989,2020/10/03,2020/12/02,young-adult,young-adult (#11),read,,,,1,0
50548197,"A Deadly Education (The Scholomance, #1)",Naomi Novik,"Novik, Naomi",,"=""0593128486""","=""9780593128480""",5,4.00,Del Rey,Hardcover,336,2020,2020,2020/07/16,2020/12/02,"english-language-learning-track, young-adult","english-language-learning-track (#2), young-adult (#9)",read,collection of links on life reading by Naomi Novik<br/>https://vk.com/wall-190294791_1275,,,2,0
16793,Stardust,Neil Gaiman,"Gaiman, Neil",,"=""0061142026""","=""9780061142024""",0,4.10,Harper Perennial,Paperback,248,2006,1998,2020/11/15,2020/12/02,young-adult,young-adult (#8),read,,,,1,0
53490148,The Ickabog,J.K. Rowling,"Rowling, J.K.",,"=""1510202250""","=""9781510202252""",5,3.94,"Little, Brown Books for Young Readers",Hardcover,290,2020,2020,2020/11/20,2020/12/02,"english-language-learning-track, young-adult","english-language-learning-track (#3), young-adult (#7)",read,collection links on tweets with artworks<br/>https://www.facebook.com/ekashirinr/posts/3118785738242229<br/>(https://vk.com/wall-190294791_2199 same thing. collection links on copies arts),,,2,0
28110852,The Girl Who Drank the Moon,Kelly Barnhill,"Barnhill, Kelly",,"=""1616205679""","=""9781616205676""",0,4.12,Algonquin Young Readers,Hardcover,388,2016,2016,2020/11/21,2020/12/02,young-adult,young-adult (#6),read,,,,1,0
37534907,The City in the Middle of the Night,Charlie Jane Anders,"Anders, Charlie Jane",,"=""0765379961""","=""9780765379962""",0,3.50,Tor Books,Hardcover,366,2019,2019,,2020/12/31,"to-read, 2021","to-read (#10), 2021 (#11)",to-read,,,,0,0
41824495,"Fall; or, Dodge in Hell (Crypto, #3)",Neal Stephenson,"Stephenson, Neal",,"=""006245871X""","=""9780062458711""",0,3.57,William Morrow,Hardcover,883,2019,2019,,2020/12/31,"2021, to-read","2021 (#8), to-read (#9)",to-read,,,,0,0
39395857,The Raven Tower,Ann Leckie,"Leckie, Ann",,"=""0356506991""","=""9780356506999""",0,3.92,Orbit,Hardcover,416,2019,2019,,2020/12/31,"to-read, 2021","to-read (#8), 2021 (#6)",to-read,,,,0,0
33080122,"The Calculating Stars (Lady Astronaut Universe, #1)",Mary Robinette Kowal,"Kowal, Mary Robinette",,"=""""","=""""",0,3.97,Tor Books,Paperback,431,2018,2018,,2020/12/31,"to-read, 2021","to-read (#7), 2021 (#5)",to-read,,,,0,0
14201,Jonathan Strange & Mr Norrell,Susanna Clarke,"Clarke, Susanna",,"=""""","=""""",0,3.85,Tor Books,Paperback,1006,2006,2004,,2020/12/31,to-read,to-read (#6),to-read,,,,0,0
49504061,The Once and Future Witches,Alix E. Harrow,"Harrow, Alix E.",,"=""0316422045""","=""9780316422048""",0,4.06,Redhook,Hardcover,517,2020,2020,2020/12/15,2020/12/02,,,read,,,,2,0
18007564,The Martian,Andy Weir,"Weir, Andy",,"=""0804139024""","=""9780804139021""",4,4.41,Crown,Hardcover,384,2014,2011,,2019/11/21,"to-read, in-far-long-future","to-read (#5), in-far-long-future (#2)",to-read,,,,1,0
7923006,"The Kingdom of Gods (Inheritance, #3)",N.K. Jemisin,"Jemisin, N.K.",,"=""184149819X""","=""9781841498195""",0,3.99,Orbit,Paperback,613,2011,2011,,2020/12/02,to-read,to-read (#4),to-read,,,,0,0
7904453,"The Broken Kingdoms (Inheritance, #2)",N.K. Jemisin,"Jemisin, N.K.",,"=""0316043966""","=""9780316043960""",0,4.13,Orbit,Paperback,384,2010,2010,2020/10/31,2020/12/02,,,read,,,,1,0
6437061,"The Hundred Thousand Kingdoms (Inheritance, #1)",N.K. Jemisin,"Jemisin, N.K.",,"=""0316043915""","=""9780316043915""",0,3.89,Hachette Book Group Orbit,Paperback,427,2010,2010,2020/08/31,2020/12/02,,,read,,,,1,0
25993248,The Jewish Dog,Asher Kravitz,"Kravitz, Asher",Michal Kessler,"=""""","=""""",0,4.15,Penlight Publications,Kindle Edition,239,2015,2007,2019/09/30,2020/12/02,,,read,,,,1,0
11774272,"The Killing Moon (Dreamblood, #1)",N.K. Jemisin,"Jemisin, N.K.",,"=""0356500764""","=""9780356500768""",0,3.95,Hachette Book Group,Paperback,428,2012,2012,,2020/12/02,to-read,to-read (#3),to-read,,,,0,0
23533039,"Ancillary Mercy (Imperial Radch, #3)",Ann Leckie,"Leckie, Ann",,"=""0356502422""","=""9780356502427""",0,4.21,Orbit,Paperback,330,2015,2015,2020/03/31,2020/12/02,,,read,,,,1,0
25099,The Sandman Vol. 2: The Doll's House,Neil Gaiman,"Gaiman, Neil","Mike Dringenberg, Malcolm Jones III, Chris Bachalo, Michael Zulli, Steve Parkhouse, Todd Klein, Clive Barker","=""1563892251""","=""9781563892257""",0,4.43,Vertigo,Hardcover,232,1999,1990,2020/03/09,2020/12/02,,,read,,,,1,0
23754,The Sandman Vol. 1: Preludes & Nocturnes,Neil Gaiman,"Gaiman, Neil","Sam Kieth, Mike Dringenberg, Malcolm Jones III, Todd Klein, Karen  Berger, Daniel Vozzo","=""1563892278""","=""9781563892271""",0,4.25,Vertigo,Hardcover,233,1998,1988,2020/05/21,2020/12/02,,,read,,,,1,0
40701777,"The Trouble with Peace (The Age of Madness, #2)",Joe Abercrombie,"Abercrombie, Joe",,"=""0575095911""","=""9780575095915""",0,4.60,Gollancz,Hardcover,506,2020,2020,,2020/12/02,to-read,to-read (#2),to-read,,,,0,0
55676771,"Joe Abercrombie The Age Of Madness 2 Books Collection Set (A Little Hatred, The Trouble With Peace)",Joe Abercrombie,"Abercrombie, Joe",,"=""9124051799""","=""9789124051792""",0,4.66,Gollancz Books,Paperback,,2020,,,2020/12/02,to-read,to-read (#1),to-read,,,,0,0
36896898,Spinning Silver,Naomi Novik,"Novik, Naomi",,"=""""","=""""",5,4.21,Del Rey,Kindle Edition,465,2018,2018,2020/07/29,2020/07/29,,,read,"From language point I a little lost then in the plot more than one line, but in this case it was better than usual. <br/>Very cool personalisation imperium concept. After school course Russian history this very interesting to read.<br/>And very good after Uprooted. ",,,1,0
41057294,Normal People,Sally Rooney,"Rooney, Sally",,"=""1984822179""","=""9781984822178""",5,3.81,Hogarth,Hardcover,273,2019,2018,2020/07/26,2020/07/29,,,read,"Although, I think it's the second roman what I to read for all my life. <br/>This book mentioned twice on the language course on futurelearn.<br/>And after the course it was very good.  ",,,1,0
768496,The Golden Gate,Vikram Seth,"Seth, Vikram",,"=""0679734570""","=""9780679734574""",5,4.01,Vintage,Paperback,307,1991,1986,,2020/06/15,,,read,,,,1,0
22544764,Uprooted,Naomi Novik,"Novik, Naomi",,"=""0804179034""","=""9780804179034""",5,4.04,Del Rey,Hardcover,438,2015,2015,2020/06/03,2020/06/02,,,read,I combined reading Uprooted with watching lifereading by Naomi Novik her new book: A Deadly Education.<br/>It was very cool.<br/>Read book there is Baba Jaga character it's amazing:)<br/>And I definitely like books what read Naomi Novik then write books.<br/>(Once more cool stuff on Naomi Novik Instagram: Q&A life events. ),,,1,0
25353286,Provenance (Imperial Radch),Ann Leckie,"Leckie, Ann",,"=""""","=""""",4,3.83,Orbit,Kindle Edition,481,2017,2017,,2020/04/12,,,read,"Unhappily, I didn't catch many concepts with high deep immersive as usual. There were many reasons for that. And although in this time I didn't got a lot of pleasure, I return all and much more in the next term :) ",,,1,0
70401,On the Road,Jack Kerouac,"Kerouac, Jack",,"=""0140042598""","=""9780140042597""",4,3.62,Penguin Books,Paperback,307,1976,1957,2020/03/25,2020/03/25,,,read,"<br/>Before to read the book I have seen a few reviews. <br/>Around the hundredth page, I thought: looks like it can be read just like a book.<br/>Around the two hundredth page: why when I lived like this, there were no publishers who paid money for describing like that.<br/>Thirty pages to the end: O, about thirty pages left.<br/>Then on the moment that they wrote each other letters of eight thousand words: I become to respected that old-fashioned time.<br/>And when I finished. I think it's good reading and this book has made my reading experience more complete.",,,1,0
1117286,Greedy Bastard Diary,Eric Idle,"Idle, Eric",,"=""0753820854""","=""9780753820858""",4,3.58,Orion Publishing Group,Paperback,,2006,2005,2020/03/21,2020/03/21,,,read,"For me, a better thing in this book was irony with which write Eric Idle. Although I don't know very more about Monty Python. It was interesting to know better about comedians, jokes and laugh) ",,,1,0
4703581,The City & the City,China Miéville,"Miéville, China",,"=""0345497511""","=""9780345497512""",5,3.90,Del Rey/Ballantine Books,Hardcover,312,2009,2009,,2019/11/21,,,read,,,,1,0
68494,"Perdido Street Station (New Crobuzon, #1)",China Miéville,"Miéville, China",,"=""0345459407""","=""9780345459404""",5,3.97,Ballantine Del Rey,Mass Market Paperback,710,2003,2000,,2019/11/21,,,read,,,,1,0
77507,"Red Mars (Mars Trilogy, #1)",Kim Stanley Robinson,"Robinson, Kim Stanley",,"=""0553560735""","=""9780553560732""",4,3.86,Spectra Books,Mass Market Paperback,572,1993,1992,,2019/11/21,,,read,,,,1,0
6597651,The Windup Girl,Paolo Bacigalupi,"Bacigalupi, Paolo",,"=""1597801577""","=""9781597801577""",5,3.75,Night Shade Books,Hardcover,359,2009,2009,,2019/11/21,,,read,,,,1,0
22816087,Seveneves,Neal Stephenson,"Stephenson, Neal",,"=""""","=""""",5,4.00,William Morrow,Kindle Edition,872,2015,2015,,2019/11/21,,,read,,,,1,0
9265453,Embassytown,China Miéville,"Miéville, China",,"=""0345524497""","=""9780345524492""",5,3.89,Del Rey,Hardcover,345,2011,2011,,2019/11/21,,,read,,,,1,0
17934530,"Annihilation (Southern Reach, #1)",Jeff VanderMeer,"VanderMeer, Jeff",,"=""0374104093""","=""9780374104092""",4,3.76,"Farrar, Straus and Giroux",Paperback,195,2014,2014,,2019/11/21,,,read,,,,1,0
20518872,"The Three-Body Problem (Remembrance of Earth’s Past, #1)",Cixin Liu,"Liu, Cixin",Ken Liu,"=""""","=""""",4,4.09,Tor Books,Hardcover,399,2014,2006,,2019/11/21,,,read,,,,1,0
17863,Accelerando (Singularity),Charles Stross,"Stross, Charles",,"=""0441014151""","=""9780441014156""",4,3.88,Ace,Mass Market Paperback,415,2006,2005,,2019/11/21,,,read,,,,1,0
36510196,"Old Man's War (Old Man's War, #1)",John Scalzi,"Scalzi, John",,"=""""","=""""",4,4.23,Tor Books,Kindle Edition,318,2007,2005,,2019/11/21,,,read,,,,1,0
77566,"Hyperion (Hyperion Cantos, #1)",Dan Simmons,"Simmons, Dan",,"=""0553283685""","=""9780553283686""",4,4.26,Bantam Doubleday Dell Publishing Group,Mass Market Paperback,500,1990,1989,,2019/11/21,,,read,,,,1,0
41804,"I, Robot (Robot, #0.1)",Isaac Asimov,"Asimov, Isaac",,"=""0553803700""","=""9780553803709""",5,4.21,Bantam Books,Hardcover,224,2004,1950,,2019/11/21,,,read,,,,1,0
8855321,"Leviathan Wakes (The Expanse, #1)",James S.A. Corey,"Corey, James S.A.",,"=""1841499889""","=""9781841499888""",4,4.29,Orbit,Paperback,592,2011,2011,,2019/11/21,,,read,,,,1,0
40961427,1984,George Orwell,"Orwell, George",,"=""""","=""""",4,4.19,Houghton Mifflin Harcourt,Kindle Edition,298,2013,1949,,2019/11/21,,,read,,,,1,0
13079982,Fahrenheit 451,Ray Bradbury,"Bradbury, Ray",,"=""""","=""""",4,3.97,Simon & Schuster,Kindle Edition,194,2011,1953,,2019/11/21,,,read,,,,1,0
20706284,"Ancillary Sword (Imperial Radch, #2)",Ann Leckie,"Leckie, Ann",,"=""0316246654""","=""9780316246651""",5,4.07,Orbit,Paperback,359,2014,2014,,2019/11/21,,,read,,,,1,0
22886612,"Nemesis Games (The Expanse, #5)",James S.A. Corey,"Corey, James S.A.",,"=""""","=""""",4,4.43,Orbit,Kindle Edition,536,2015,2015,,2019/11/21,,,read,,,,1,0
17333324,"Ancillary Justice (Imperial Radch, #1)",Ann Leckie,"Leckie, Ann",,"=""031624662X""","=""9780316246620""",5,3.98,Orbit,Paperback,416,2013,2013,,2019/11/21,,,read,,,,1,0
